S. No (Col.1),S. No (Col.1),S. No (Col.1),S. No (Col.1),S. No (Col.1),S. No (Col.1),S. No (Col.1),S. No (Col.1),S. No (Col.1),S. No (Col.1),S. No (Col.1),S. No (Col.1),S. No (Col.1),S. No (Col.1),S. No (Col.1),S. No (Col.1),S. No (Col.1),S. No (Col.1),S. No (Col.1),S. No (Col.1),S. No (Col.1),S. No (Col.1),S. No (Col.1),S. No (Col.1),S. No (Col.1)
1,Murder with Rape/Gang Rape,108,223,0,331,0,0,0,0,0,2,9,0,11,58,153,211,222,0,0,109,95,32.9,
2,Dowry Deaths,3758,7466,6,11230,0,6,0,5,198,185,322,4,714,2330,4708,7038,7758,4,0,3468,90.7,30.9,
3,Abetment to Suicide of Women,2269,5282,6,7557,0,6,1,2,186,94,125,20,427,1138,3245,4383,4816,5,2,2735,91,36.2,
4,Miscarriage,129,266,0,395,0,0,0,0,8,18,108,0,134,48,76,124,258,0,0,137,48.1,34.7,
5,Acid Attack,55,148,0,203,0,0,0,2,6,4,4,0,16,30,100,130,146,0,0,57,89,28.1,
6,Attempt to Acid Attack,16,35,0,51,0,0,0,0,2,0,6,0,8,6,22,28,36,0,0,15,77.8,29.4,
7,Cruelty by Husband or his relatives,50343,104551,44,154938,1,158,19,56,4931,5385,5705,100,16177,26296,64752,91048,107384,258,182,47277,84.8,30.5,
8,Kidnapping and Abduction of Women - Total,42032,66333,17,108382,10,34,51,69,8336,14769,10059,200,33433,9297,19175,28472,61949,58,36,46324,46,42.7,
8.1,Kidnapping and Abduction,13981,24573,7,38561,9,23,51,62,3272,7111,3413,48,13906,2506,5863,8369,22307,10,4,16193,37.5,42,
8.2,Kidnapping and Abduction in order to Murder,98,93,0,191,0,0,0,0,9,0,20,0,29,25,44,69,98,0,0,93,70.4,48.7,
8.3,Kidnapping for Ransom,110,133,0,243,0,0,0,0,6,3,9,0,18,23,73,96,114,0,0,129,84.2,53.1,
8.4,Kidnapping and Abduction of Women to compel her for marriage,20843,30614,6,51463,1,7,0,7,2868,6072,5591,93,14631,4943,9866,14809,29448,43,32,21972,50.3,42.7,
8.4.1,Women,14030,18444,6,32480,1,5,0,4,1803,3626,3713,89,9235,2680,4986,7666,16907,28,23,15545,45.3,47.9,
8.4.2,Girls,6813,12170,0,18983,0,2,0,3,1065,2446,1878,4,5396,2263,4880,7143,12541,15,9,6427,57,33.9,
8.5,Procuration of Minor Girls,2127,3382,2,5511,0,1,0,0,608,393,311,39,1351,490,1140,1630,2982,0,0,2529,54.7,45.9,
8.6,Importation of Girls from Foreign Country,10,5,0,15,0,0,0,0,0,0,0,0,0,3,4,7,7,0,0,8,100,53.3,
8.7,Kidnapping and Abduction of Women – Others,4863,7533,2,12398,0,3,0,0,1573,1190,715,20,3498,1307,2185,3492,6993,5,0,5400,49.9,43.6,
9,Human Trafficking,374,662,4,1040,0,2,0,0,8,18,26,1,53,146,393,539,594,0,0,446,90.7,42.9,
10,Selling of Minor Girls,165,80,0,245,0,1,0,0,0,36,25,0,61,34,37,71,133,0,0,112,53.4,45.7,
11,Buying of Minor Girls,21,4,0,25,0,0,0,0,0,1,0,0,1,1,1,2,3,0,0,22,66.7,88,
12,Rape - Total,14406,32559,19,46984,0,67,6,20,2556,746,1012,30,4364,7447,21303,28750,33181,32,40,13765,86.6,29.3,
12.1,Women,12531,22500,17,35048,0,56,6,20,2372,673,883,30,3978,6175,13592,19767,23801,31,40,11210,83.1,32,
12.2,Girls,1875,10059,2,11936,0,11,0,0,184,73,129,0,386,1272,7711,8983,9380,1,0,2555,95.8,21.4,
13,Attempt to Commit Rape - Total,1880,4154,1,6035,0,1,0,3,463,153,236,13,868,1041,2400,3441,4310,1,2,1724,79.8,28.6,
13.1,Women,1793,3697,1,5491,0,1,0,3,443,145,219,13,823,986,2105,3091,3915,1,2,1575,79,28.7,
13.2,Girls,87,457,0,544,0,0,0,0,20,8,17,0,45,55,295,350,395,0,0,149,88.6,27.4,
14,Assault on Women with Intent to Outrage her Modesty - Total,30651,86001,3,116655,0,58,2,112,4748,1918,3449,163,10390,17039,57017,74056,84504,65,36,32084,87.6,27.5,
14.1,Women,29550,77732,2,107284,0,58,2,107,4474,1851,3130,163,9725,16341,50404,66745,76528,63,35,30691,87.2,28.6,
14.2,Girls,1101,8269,1,9371,0,0,0,5,274,67,319,0,665,698,6613,7311,7976,2,1,1393,91.7,14.9,
15,Insult to the Modesty of Women - Total,4359,7451,1,11811,0,8,0,7,306,128,396,81,918,1782,4307,6089,7015,7,6,4789,86.8,40.5,
15.1,Women,4225,7139,1,11365,0,8,0,7,294,125,388,81,895,1734,4083,5817,6720,7,6,4638,86.6,40.8,
15.2,Girls,134,312,0,446,0,0,0,0,12,3,8,0,23,48,224,272,295,0,0,151,92.2,33.9,
16,Dowry Prohibition Act,5569,10189,0,15758,0,57,0,1,278,544,562,27,1412,2624,5030,7654,9123,5,10,6630,83.9,42.1,
17,Immoral Traffic (Prevention) Act - Total,1146,1536,3,2685,0,1,0,0,10,14,21,1,46,512,918,1430,1477,1,2,1207,96.8,45,
17.1,"Procuring, inducing Children for the sake of prostitution",593,543,0,1136,0,0,0,0,2,4,5,0,11,206,265,471,482,1,1,653,97.7,57.5,
17.2,Detaining a person in premises where prostitution is carried on,54,157,0,211,0,0,0,0,0,0,0,1,1,31,100,131,132,0,0,79,99.2,37.4,
17.3,Prostitution in or in the vicinity of public places,55,197,0,252,0,0,0,0,0,0,1,0,1,25,136,161,162,0,0,90,99.4,35.7,
17.4,Seducing or soliciting for purpose of prostitution,92,159,0,251,0,0,0,0,0,4,0,0,4,82,128,210,214,0,0,37,98.1,14.7,
17.5,Other Sections under ITP Act,352,480,3,835,0,1,0,0,8,6,15,0,29,168,289,457,487,0,1,348,93.8,41.7,
18,Protection of Women from Domestic Violence Act,129,616,0,745,0,0,0,0,16,2,7,0,25,85,458,543,568,0,0,177,95.6,23.8,
19,Cyber Crimes/Information Technology Act - Total,392,600,1,993,0,2,0,0,11,7,129,23,170,44,151,195,367,1,1,625,53.1,62.9,
19.1,Publishing or Transmitting of Sexually Explicit Material,307,271,1,579,0,2,0,0,4,4,87,22,117,28,64,92,211,0,1,368,43.6,63.6,
19.2,Other Women Centric Cyber Crimes,85,329,0,414,0,0,0,0,7,3,42,1,53,16,87,103,156,1,0,257,66,62.1,
20,Protection of Children from Sexual Violence Act - Total,12140,31668,4,43812,1,52,3,8,653,261,686,45,1653,5869,21488,27357,29063,22,12,14724,94.1,33.6,
20.1,POCSO Act Section 4 & 6,6570,17382,4,23956,1,39,1,3,267,116,273,28,687,3330,12133,15463,16190,11,3,7754,95.5,32.4,
20.2,POCSO Act Section 8 & 10,4305,11899,0,16204,0,7,2,5,280,122,335,13,755,1959,7960,9919,10681,10,8,5511,92.9,34,
20.3,POCSO Act Section 12,394,1293,0,1687,0,5,0,0,35,7,29,2,73,183,739,922,1000,1,0,686,92.2,40.7,
20.4,POCSO Act Section 14 & 15,166,331,0,497,0,0,0,0,18,6,9,0,33,81,203,284,317,0,0,180,89.6,36.2,
20.5,"POCSO Act Section 17,18,19",680,616,0,1296,0,1,0,0,53,9,39,2,103,304,413,717,821,0,0,475,87.3,36.7,
20.6,POCSO Act r/w Section 377 IPC,25,147,0,172,0,0,0,0,0,1,1,0,2,12,40,52,54,0,1,118,96.3,68.6,
21,Indecent Representation of Women (Prohibition) Act,17,25,0,42,0,0,0,0,0,0,1,0,1,7,10,17,18,0,4,24,94.4,57.1,
1,Murder with Rape/Gang Rape,184,284,0,468,0,0,0,0,9,3,9,1,22,48,183,231,253,0,0,215,91.3,45.9,
2,Dowry Deaths,3692,6753,5,10450,0,2,0,5,199,202,330,4,740,1893,4316,6209,6951,0,0,3499,89.3,33.5,
3,Abetment to Suicide of Women,3568,5292,21,8881,0,5,0,6,197,117,157,8,485,1618,3156,4774,5264,6,8,3611,90.7,40.7,
4,Miscarriage,149,196,0,345,0,0,0,0,17,6,53,0,76,32,92,124,200,0,0,145,62,42,
5,Acid Attack,59,102,0,161,0,0,0,0,4,2,6,0,12,26,71,97,109,0,0,52,89,32.3,
6,Attempt to Acid Attack,34,48,0,82,0,0,0,0,2,1,6,0,9,8,25,33,42,0,1,40,78.6,48.8,
7,Cruelty by Husband or his relatives,54484,136234,9,190727,3,110,1,44,6938,7037,6860,131,21010,27623,86681,114304,135427,256,141,55043,84.4,28.9,
8,Kidnapping and Abduction of Women,52447,75369,18,127834,11,23,0,236,11680,19628,14753,305,46602,9184,20334,29518,76154,31,56,51649,38.8,40.4,
8.1,Kidnapping and Abduction,21469,36406,5,57880,3,13,0,114,5582,11727,6043,205,23671,2892,8283,11175,34862,8,7,23010,32.1,39.8,
8.2,Kidnapping and Abduction in order to Murder,116,90,0,206,0,0,0,0,20,10,26,0,56,14,32,46,102,0,0,104,45.1,50.5,
8.3,Kidnapping for Ransom,83,65,0,148,0,1,0,0,1,12,4,0,17,18,25,43,61,0,0,87,70.5,58.8,
8.4,Kidnapping and Abduction of Women to compel her for marriage,22394,28012,4,50410,8,5,0,121,3881,5574,7194,75,16845,4669,8523,13192,30050,10,23,20350,43.9,40.4,
8.4.1,Women,13326,15712,2,29040,8,3,0,1,2111,3583,5366,71,11132,2037,4044,6081,17224,3,16,11813,35.3,40.7,
8.4.2,Girls,9068,12300,2,21370,0,2,0,120,1770,1991,1828,4,5713,2632,4479,7111,12826,7,7,8537,55.4,39.9,
8.5,Procuration of Minor Girls,2931,2566,3,5500,0,4,0,1,681,284,664,22,1652,483,751,1234,2890,4,26,2606,42.7,47.4,
8.6,Importation of Girls from Foreign Country,4,2,0,6,0,0,0,0,0,0,0,0,0,1,1,2,2,0,0,4,100,66.7,
8.7,Kidnapping and Abduction of Women – Others,5450,8228,6,13684,0,0,0,0,1515,2021,822,3,4361,1107,2719,3826,8187,9,0,5488,46.7,40.1,
9,Human Trafficking,660,914,2,1576,0,1,0,0,19,25,43,3,90,290,469,759,850,0,0,726,89.3,46.1,
10,Selling of Minor Girls,72,12,0,84,0,0,0,0,0,3,7,0,10,7,8,15,25,0,0,59,60,70.2,
11,Buying of Minor Girls,17,2,0,19,0,0,0,0,0,0,0,0,0,3,2,5,5,0,0,14,100,73.7,
12,Rape,14391,31677,59,46127,3,119,0,14,4009,819,1355,59,6256,6807,19357,26164,32542,48,29,13537,80.4,29.3,
12.1,Women,12600,28644,52,41296,3,111,0,14,3722,724,1296,56,5812,5933,17284,23217,29143,46,29,12107,79.7,29.3,
12.2,Girls,1791,3033,7,4831,0,8,0,0,287,95,59,3,444,874,2073,2947,3399,2,0,1430,86.7,29.6,
13,Attempt to Commit Rape,1794,3800,0,5594,0,1,0,0,730,196,213,14,1153,709,2031,2740,3894,0,0,1700,70.4,30.4,
13.1,Women,1582,3616,0,5198,0,1,0,0,708,173,207,14,1102,672,1920,2592,3695,0,0,1503,70.1,28.9,
13.2,Girls,212,184,0,396,0,0,0,0,22,23,6,0,51,37,111,148,199,0,0,197,74.4,49.7,
14,Assault on Women with Intent to Outrage her Modesty,34994,89200,12,124206,0,60,0,221,6764,3625,4121,110,14841,18551,58617,77168,92069,52,43,32085,83.8,25.8,
14.1,Women,33241,85343,11,118595,0,59,0,220,6400,3547,4016,109,14292,17561,56019,73580,87931,50,43,30614,83.7,25.8,
14.2,Girls,1753,3857,1,5611,0,1,0,1,364,78,105,1,549,990,2598,3588,4138,2,0,1471,86.7,26.2,
15,Insult to the Modesty of Women,5185,7788,0,12973,0,1,0,10,361,170,434,12,987,2443,4337,6780,7768,0,6,5205,87.3,40.1,
15.1,Women,5078,7701,0,12779,0,1,0,10,356,164,433,12,975,2417,4291,6708,7684,0,4,5095,87.3,39.9,
15.2,Girls,107,87,0,194,0,0,0,0,5,6,1,0,12,26,46,72,84,0,2,110,85.7,56.7,
16,Dowry Prohibition Act,7719,13568,0,21287,1,49,0,32,418,670,1086,23,2229,3241,7462,10703,12982,13,4,8292,82.4,39,
17,Immoral Traffic (Prevention) Act,1564,1071,18,2653,0,0,0,0,6,21,16,0,43,369,565,934,977,1,0,1675,95.6,63.1,
17.1,"Procuring, inducing Children for the sake of prostitution",783,328,14,1125,0,0,0,0,0,1,1,0,2,114,160,274,276,1,0,848,99.3,75.4,
17.2,Detaining a person in premises where prostitution is carried on,221,204,2,427,0,0,0,0,1,4,0,0,5,55,113,168,173,0,0,254,97.1,59.5,
17.3,Prostitution in or in the vicinity of public places,107,137,0,244,0,0,0,0,1,0,0,0,1,36,79,115,116,0,0,128,99.1,52.5,
17.4,Seducing or soliciting for purpose of prostitution,17,44,1,62,0,0,0,0,0,0,1,0,1,8,24,32,33,0,0,29,97,46.8,
17.5,Other Sections under ITP Act,436,358,1,795,0,0,0,0,4,16,14,0,34,156,189,345,379,0,0,416,91,52.3,
18,Protection of Women from Domestic Violence Act,348,507,0,855,0,0,0,0,7,27,0,0,34,36,383,419,453,0,0,402,92.5,47,
19,Cyber Crimes/Information Technology Act,2631,2597,10,5238,0,1,0,2,62,457,409,1,931,232,827,1059,1991,1,1,3246,53.2,62,
19.1,Publishing or Transmitting of Sexually Explicit Material,1703,1896,1,3600,0,1,0,2,45,285,254,1,587,185,701,886,1474,0,1,2126,60.1,59.1,
19.2,Other Women Centric Cyber Crimes,928,701,9,1638,0,0,0,0,17,172,155,0,344,47,126,173,517,1,0,1120,33.5,68.4,
20,Protection of Children from Sexual Offences Act,18573,52836,28,71437,1,128,0,36,920,552,1001,71,2580,10674,39356,50030,52739,15,64,18683,94.9,26.2,
20.1,POCSO Act Section 4 & 6,10405,33036,22,43463,1,104,0,9,371,248,478,40,1146,6531,24840,31371,32622,8,62,10833,96.2,24.9,
20.2,POCSO Act Section 8 & 10,6229,16401,3,22633,0,20,0,23,313,148,409,24,917,3489,12372,15861,16798,5,2,5830,94.4,25.8,
20.3,POCSO Act Section 12,980,2032,0,3012,0,2,0,2,82,37,54,6,181,391,1357,1748,1931,0,0,1081,90.5,35.9,
20.4,POCSO Act Section 14 & 15,632,526,3,1161,0,1,0,2,11,94,42,0,149,161,247,408,558,0,0,603,73.1,51.9,
20.5,"POCSO Act Section 17,18,19",227,810,0,1037,0,0,0,0,142,25,18,1,186,96,520,616,802,2,0,233,76.8,22.5,
20.6,POCSO Act r/w Section 377 IPC,100,31,0,131,0,1,0,0,1,0,0,0,1,6,20,26,28,0,0,103,92.9,78.6,
21,Indecent Representation of Women (Prohibition) Act,26,28,1,55,0,0,0,0,3,1,2,0,6,7,10,17,23,0,0,32,73.9,58.2,
1,Murder with Rape/Gang Rape,160,219,0,379,0,1,0,0,0,5,12,1,18,39,136,175,194,0,0,185,90.2,48.8,
2,Dowry Deaths,3452,6966,3,10421,0,7,0,10,218,170,250,6,654,1720,4389,6109,6770,0,0,3651,90.2,35,
3,Abetment to Suicide of Women,3120,5040,14,8174,1,7,1,1,164,91,123,22,401,1331,2858,4189,4598,6,3,3569,91.1,43.7,
4,Miscarriage,130,239,1,370,0,0,0,0,7,7,100,0,114,19,85,104,218,0,1,152,47.7,41.1,
5,Acid Attack,58,105,0,163,0,0,0,0,6,1,7,1,15,23,68,91,106,0,0,57,85.8,35,
6,Attempt to Acid Attack,31,33,0,64,0,0,0,0,1,0,4,0,5,7,17,24,29,1,0,34,82.8,53.1,
7,Cruelty by Husband or his relatives,55499,111549,19,167067,1,143,3,122,5520,4832,5489,188,16151,29367,66786,96153,112448,174,99,54442,85.5,32.6,
8,Kidnapping and Abduction of Women,51843,62300,21,114164,0,28,8,162,9247,18878,9377,233,37897,7938,15872,23810,61735,43,35,52378,38.6,45.9,
8.1,Kidnapping and Abduction,21777,28787,3,50567,0,22,6,23,4406,12671,3479,161,20740,2543,5739,8282,29044,31,5,21486,28.5,42.5,
8.2,Kidnapping and Abduction in order to Murder,162,78,0,240,0,0,0,0,4,15,43,0,62,33,29,62,124,0,0,116,50,48.3,
8.3,Kidnapping for Ransom,109,58,0,167,0,0,0,0,3,12,12,0,27,28,28,56,83,1,0,83,67.5,49.7,
8.4,Kidnapping and Abduction of Women to compel her for marriage,22039,24745,11,46795,0,3,1,139,3109,4301,5006,48,12603,4167,7701,11868,24474,7,29,22313,48.5,47.7,
8.4.1,Women,12777,13641,4,26422,0,2,0,137,1777,2206,3021,43,7184,2068,3878,5946,13132,4,13,13286,45.3,50.3,
8.4.2,Girls,9262,11104,7,20373,0,1,1,2,1332,2095,1985,5,5419,2099,3823,5922,11342,3,16,9027,52.2,44.3,
8.5,Procuration of Minor Girls,2881,2471,1,5353,0,1,0,0,627,277,327,9,1240,478,703,1181,2422,0,0,2931,48.8,54.8,
8.6,Importation of Girls from Foreign Country,11,1,0,12,0,0,0,0,0,4,0,0,4,4,0,4,8,0,0,4,50,33.3,
8.7,Kidnapping and Abduction of Women – Others,4864,6160,6,11030,0,2,1,0,1098,1598,510,15,3221,685,1672,2357,5580,4,1,5445,42.2,49.4,
9,Human Trafficking,724,646,2,1372,0,3,0,0,9,31,23,7,70,325,315,640,713,0,0,659,89.8,48,
10,Selling of Minor Girls,75,12,0,87,0,0,0,0,1,1,0,0,2,8,5,13,15,0,0,72,86.7,82.8,
11,Buying of Minor Girls,25,1,0,26,0,0,0,0,0,2,0,0,2,6,1,7,9,0,0,17,77.8,65.4,
12,Rape,15097,28046,53,43196,0,100,2,48,3375,571,987,34,5015,7161,16532,23693,28808,38,34,14348,82.2,33.2,
12.1,Women,12296,25406,53,37755,0,95,2,48,3050,510,935,32,4575,5658,14821,20479,25149,37,34,12567,81.4,33.3,
12.2,Girls,2801,2640,0,5441,0,5,0,0,325,61,52,2,440,1503,1711,3214,3659,1,0,1781,87.8,32.7,
13,Attempt to Commit Rape,1796,3741,1,5538,0,3,0,6,631,90,212,6,945,816,1980,2796,3744,0,2,1794,74.7,32.4,
13.1,Women,1556,3446,0,5002,0,3,0,6,595,87,192,3,883,732,1802,2534,3420,0,1,1582,74.1,31.6,
13.2,Girls,240,295,1,536,0,0,0,0,36,3,20,3,62,84,178,262,324,0,1,212,80.9,39.6,
14,Assault on Women with Intent to Outrage her Modesty,35294,85392,14,120700,0,38,1,253,5821,2317,3848,187,12426,20026,53584,73610,86074,38,39,34587,85.5,28.7,
14.1,Women,33523,81282,9,114814,0,38,1,251,5502,2249,3678,162,11842,19061,51003,70064,81944,36,38,32833,85.5,28.6,
14.2,Girls,1771,4110,5,5886,0,0,0,2,319,68,170,25,584,965,2581,3546,4130,2,1,1754,85.9,29.8,
15,Insult to the Modesty of Women,4489,7065,9,11563,0,1,0,5,314,134,306,18,777,1815,3784,5599,6377,1,5,5185,87.8,44.8,
15.1,Women,4369,6933,9,11311,0,1,0,5,306,119,299,18,747,1781,3703,5484,6232,1,5,5078,88,44.9,
15.2,Girls,120,132,0,252,0,0,0,0,8,15,7,0,30,34,81,115,145,0,0,107,79.3,42.5,
16,Dowry Prohibition Act,7484,10366,4,17854,0,61,0,29,297,436,703,1,1466,3093,5511,8604,10131,4,16,7719,84.9,43.2,
17,Immoral Traffic (Prevention) Act,1595,868,1,2464,0,1,0,0,12,4,11,0,27,429,442,871,899,0,0,1565,96.9,63.5,
17.1,"Procuring, inducing Children for the sake of prostitution",765,210,0,975,0,0,0,0,9,3,1,0,13,79,99,178,191,0,0,784,93.2,80.4,
17.2,Detaining a person in premises where prostitution is carried on,111,232,1,344,0,0,0,0,0,0,1,0,1,30,92,122,123,0,0,221,99.2,64.2,
17.3,Prostitution in or in the vicinity of public places,112,112,0,224,0,0,0,0,0,0,1,0,1,43,73,116,117,0,0,107,99.1,47.8,
17.4,Seducing or soliciting for purpose of prostitution,20,30,0,50,0,0,0,0,0,0,1,0,1,10,22,32,33,0,0,17,97,34,
17.5,Other Sections under ITP Act,587,284,0,871,0,1,0,0,3,1,7,0,11,267,156,423,435,0,0,436,97.2,50.1,
18,Protection of Women from Domestic Violence Act,277,446,0,723,0,0,0,0,12,2,1,0,15,43,317,360,375,0,0,348,96,48.1,
19,Cyber Crimes/Information Technology Act,1684,2334,4,4022,0,6,0,1,67,62,444,4,578,141,665,806,1390,3,0,2629,58,65.4,
19.1,Publishing or Transmitting of Sexually Explicit Material,1131,1655,0,2786,0,6,0,1,50,43,289,4,387,114,576,690,1083,2,0,1701,63.7,61.1,
19.2,Other Women Centric Cyber Crimes,553,679,4,1236,0,0,0,0,17,19,155,0,191,27,89,116,307,1,0,928,37.8,75.1,
20,Protection of Children from Sexual Offences Act,18505,46123,38,64666,2,86,2,35,747,450,1065,52,2349,9607,34034,43641,46078,20,5,18566,94.7,28.7,
20.1,POCSO Act Section 4 & 6,9852,27807,36,37695,2,78,1,19,299,132,424,30,904,5612,20674,26286,27270,11,2,10413,96.4,27.6,
20.2,POCSO Act Section 8 & 10,6622,15515,1,22138,0,6,0,13,301,236,524,21,1095,3154,11666,14820,15921,4,1,6213,93.1,28.1,
20.3,POCSO Act Section 12,993,1628,1,2622,0,2,1,2,74,36,44,0,156,438,1039,1477,1635,5,1,981,90.3,37.4,
20.4,POCSO Act Section 14 & 15,647,553,0,1200,0,0,0,0,14,33,11,0,58,238,272,510,568,0,0,632,89.8,52.7,
20.5,"POCSO Act Section 17,18,19",282,593,0,875,0,0,0,1,58,12,57,1,129,153,366,519,648,0,1,227,80.1,25.9,
20.6,POCSO Act r/w Section 377 IPC,109,27,0,136,0,0,0,0,1,1,5,0,7,12,17,29,36,0,0,100,80.6,73.5,
21,Indecent Representation of Women (Prohibition) Act,24,12,0,36,0,0,0,0,0,1,1,0,2,4,4,8,10,0,0,26,80,72.2,
1,Murder with Rape/Gang Rape,131,283,0,414,0,1,0,0,4,1,7,1,13,25,208,233,247,0,0,167,94.3,40.3,
2,Dowry Deaths,3294,7115,2,10411,0,5,0,2,174,154,336,6,672,1816,4471,6287,6964,1,0,3446,90.3,33.1,
3,Abetment to Suicide of Women,2788,5009,7,7804,0,10,0,0,201,90,126,9,426,1365,2888,4253,4689,8,3,3107,90.7,39.8,
4,Miscarriage,102,221,0,323,0,1,0,0,11,10,50,0,71,29,98,127,199,0,0,124,63.8,38.4,
5,Acid Attack,61,150,0,211,0,0,0,2,5,2,15,1,25,26,95,121,146,1,0,64,82.9,30.3,
6,Attempt to Acid Attack,27,42,0,69,0,0,0,0,0,0,3,0,3,8,26,34,37,0,0,32,91.9,46.4,
7,Cruelty by Husband or his relatives,47789,125298,25,173112,2,185,5,63,7606,6939,6926,254,21788,23841,72671,96512,118487,178,112,54442,81.5,31.4,
8,Kidnapping and Abduction of Women,49195,72780,24,121999,2,30,0,147,11942,17420,12204,417,42130,8945,19148,28093,70255,27,45,51717,40,42.4,
8.1,Kidnapping and Abduction,19075,30633,8,49716,2,18,0,102,5208,9970,3935,270,19485,2211,6224,8435,27940,4,5,21772,30.2,43.8,
8.2,Kidnapping and Abduction in order to Murder,140,109,0,249,0,0,0,0,8,9,30,0,47,8,31,39,86,0,0,163,45.3,65.5,
8.3,Kidnapping for Ransom,127,78,2,207,0,0,0,0,10,10,19,0,39,30,29,59,98,0,0,109,60.2,52.7,
8.4,Kidnapping and Abduction of Women to compel her for marriage,22602,32260,9,54871,0,5,0,43,4478,5695,7034,94,17344,5325,10002,15327,32676,14,40,22181,46.9,40.4,
8.4.1,Women,15527,16645,3,32175,0,4,0,42,2832,2868,5046,83,10871,3419,5023,8442,19317,7,18,12851,43.7,39.9,
8.4.2,Girls,7075,15615,6,22696,0,1,0,1,1646,2827,1988,11,6473,1906,4979,6885,13359,7,22,9330,51.5,41.1,
8.5,Procuration of Minor Girls,2655,3117,0,5772,0,1,0,0,634,388,326,15,1363,555,914,1469,2833,3,0,2936,51.9,50.9,
8.6,Importation of Girls from Foreign Country,9,3,0,12,0,0,0,0,0,0,0,0,0,0,1,1,1,0,0,11,100,91.7,
8.7,Kidnapping and Abduction of Women – Others,4587,6580,5,11172,0,6,0,2,1604,1348,860,38,3852,816,1947,2763,6621,6,0,4545,41.7,40.7,
9,Human Trafficking,608,966,6,1580,0,2,0,0,12,19,46,12,89,291,485,776,867,0,1,713,89.5,45.1,
10,Selling of Minor Girls,114,22,0,136,0,0,0,0,1,5,6,0,12,15,12,27,39,0,0,97,69.2,71.3,
11,Buying of Minor Girls,30,8,0,38,0,0,0,0,0,2,1,0,3,0,3,3,6,0,0,32,50,84.2,
12,Rape,13480,32033,23,45536,1,117,1,39,3652,622,1127,64,5504,6605,18243,24848,30470,104,35,14961,81.5,32.9,
12.1,Women,10900,27093,20,38013,1,106,1,39,3355,568,1037,62,5061,5124,15492,20616,25784,69,32,12159,80,32,
12.2,Girls,2580,4940,3,7523,0,11,0,0,297,54,90,2,443,1481,2751,4232,4686,35,3,2802,90.3,37.2,
13,Attempt to Commit Rape,1836,3944,1,5781,0,3,0,3,718,96,266,15,1098,833,2102,2935,4036,0,0,1745,72.7,30.2,
13.1,Women,1627,3608,0,5235,0,3,0,3,691,85,237,12,1028,785,1914,2699,3730,0,0,1505,72.4,28.7,
13.2,Girls,209,336,1,546,0,0,0,0,27,11,29,3,70,48,188,236,306,0,0,240,77.1,44,
14,Assault on Women with Intent to Outrage her Modesty,33804,88367,19,122190,2,48,0,173,6288,2378,4615,175,13629,19001,54333,73334,87013,89,39,35088,84.3,28.7,
14.1,Women,32074,84139,9,116222,2,48,0,173,5947,2235,4412,164,12931,18068,51774,69842,82823,80,39,33319,84.3,28.7,
14.2,Girls,1730,4228,10,5968,0,0,0,0,341,143,203,11,698,933,2559,3492,4190,9,0,1769,83.3,29.6,
15,Insult to the Modesty of Women,4472,6939,2,11413,0,5,0,8,425,178,407,0,1018,1909,3931,5840,6863,1,3,4549,85.1,39.9,
15.1,Women,4348,6839,2,11189,0,5,0,8,415,172,403,0,998,1874,3882,5756,6759,1,2,4429,85.2,39.6,
15.2,Girls,124,100,0,224,0,0,0,0,10,6,4,0,20,35,49,84,104,0,1,120,80.8,53.6,
16,Dowry Prohibition Act,7353,13297,2,20652,0,47,1,8,462,1335,1418,8,3231,2715,6968,9683,12961,268,13,7422,74.7,35.9,
17,Immoral Traffic (Prevention) Act,1352,1185,5,2542,0,3,0,0,5,14,19,0,38,315,620,935,976,0,3,1566,95.8,61.6,
17.1,"Procuring, inducing Children for the sake of prostitution",595,432,0,1027,0,0,0,0,3,4,10,0,17,78,166,244,261,0,0,766,93.5,74.6,
17.2,Detaining a person in premises where prostitution is carried on,62,155,0,217,0,1,0,0,0,0,0,0,0,25,81,106,107,0,0,110,99.1,50.7,
17.3,Prostitution in or in the vicinity of public places,79,153,5,237,0,0,0,0,2,1,1,0,4,28,91,119,123,0,0,114,96.7,48.1,
17.4,Seducing or soliciting for purpose of prostitution,35,62,0,97,0,0,0,0,0,0,1,0,1,26,50,76,77,0,0,20,98.7,20.6,
17.5,Other Sections under ITP Act,581,383,0,964,0,2,0,0,0,9,7,0,16,158,232,390,408,0,3,556,95.6,57.7,
18,Protection of Women from Domestic Violence Act,259,553,0,812,0,0,0,0,9,15,2,0,26,71,436,507,533,0,0,279,95.1,34.4,
19,Cyber Crimes/Information Technology Act,1100,1621,1,2722,0,0,0,0,28,35,273,1,337,151,567,718,1055,1,0,1666,68.1,61.2,
19.1,Publishing or Transmitting of Sexually Explicit Material,713,1158,0,1871,0,0,0,0,17,22,143,1,183,111,459,570,753,0,0,1118,75.7,59.8,
19.2,Other Women Centric Cyber Crimes,387,463,1,851,0,0,0,0,11,13,130,0,154,40,108,148,302,1,0,548,49,64.4,
20,Protection of Children from Sexual Offences Act,17275,46005,78,63358,1,92,0,19,953,609,1273,46,2900,9402,32160,41562,44555,31,61,18772,93.3,29.6,
20.1,POCSO Act Section 4 & 6,8975,25934,66,34975,1,72,0,8,275,188,602,20,1093,5299,18585,23884,25050,12,55,9913,95.3,28.3,
20.2,POCSO Act Section 8 & 10,6622,16139,12,22773,0,13,0,11,439,254,534,22,1260,3510,11274,14784,16057,15,2,6701,92.1,29.4,
20.3,POCSO Act Section 12,739,1866,0,2605,0,5,0,0,63,48,44,4,159,319,1102,1421,1585,2,2,1018,89.7,39.1,
20.4,POCSO Act Section 14 & 15,378,1079,0,1457,0,2,0,0,55,31,4,0,90,145,575,720,812,0,1,645,88.7,44.3,
20.5,"POCSO Act Section 17,18,19",461,951,0,1412,0,0,0,0,121,87,87,0,295,128,601,729,1024,2,1,386,71.2,27.3,
20.6,POCSO Act  r/w Section 377 IPC,100,36,0,136,0,0,0,0,0,1,2,0,3,1,23,24,27,0,0,109,88.9,80.1,
21,Indecent Representation of Women (Prohibition) Act,29,23,0,52,0,0,0,0,1,1,3,0,5,5,13,18,23,0,2,29,78.3,55.8,
1,IPC Crimes against Women,Murder with Rape/Gang Rape,99,294,0,393,0,1,0,0,1,6,24,2,33,31,193,224,258,0,0,135,86.8,34.4
2,IPC Crimes against Women,Dowry Deaths,3468,7166,3,10637,0,3,0,1,162,170,369,5,707,2049,4603,6652,7362,2,1,3273,90.4,30.8
3,IPC Crimes against Women,Abetment to Suicide of Women,2729,5037,5,7771,0,8,1,0,183,70,126,9,388,1451,3040,4491,4887,5,7,2878,91.9,37
4,IPC Crimes against Women,Miscarriage,135,213,0,348,0,0,0,0,10,7,92,0,109,30,90,120,229,1,0,118,52.4,33.9
5,IPC Crimes against Women,Acid Attack,57,131,0,188,0,0,0,4,5,2,10,0,21,19,81,100,121,1,0,66,82.6,35.1
6,IPC Crimes against Women,Attempt to Acid Attack,15,37,0,52,0,0,0,0,2,0,1,0,3,6,20,26,29,0,0,23,89.7,44.2
7,IPC Crimes against Women,Cruelty by Husband or his relatives,47288,103272,11,150571,2,154,16,170,4950,5743,6476,509,17848,23883,58954,82837,100841,339,159,49375,82.1,32.8
8,IPC Crimes against Women,Kidnapping and Abduction of Women - Total,46340,72751,36,119127,4,22,22,152,9505,18243,13030,399,41329,8357,20172,28529,69884,38,55,49183,40.8,41.3
8.1,IPC Crimes against Women,Kidnapping and Abduction,16189,30026,3,46218,4,10,22,16,3760,9096,4767,93,17732,2127,6949,9076,26822,14,7,19360,33.8,41.9
8.2,IPC Crimes against Women,Kidnapping and Abduction in order to Murder,93,195,0,288,0,0,0,0,5,3,56,0,64,18,61,79,143,1,0,144,55.2,50
8.3,IPC Crimes against Women,Kidnapping for Ransom,126,82,0,208,0,0,0,0,8,13,20,1,42,27,29,56,98,0,0,110,57.1,52.9
8.4,IPC Crimes against Women,Kidnapping and Abduction of Women to compel her for marriage,22015,33354,12,55381,0,6,0,97,3323,6879,6910,150,17359,4761,10676,15437,32802,19,48,22560,47.1,40.7
8.4.1,IPC Crimes against Women,Women,15469,19832,12,35313,0,5,0,54,2173,4303,4923,134,11587,2949,5609,8558,20150,1,29,15162,42.5,42.9
8.4.2,IPC Crimes against Women,Girls,6546,13522,0,20068,0,1,0,43,1150,2576,1987,16,5772,1812,5067,6879,12652,18,19,7398,54.4,36.9
8.5,IPC Crimes against Women,Procuration of Minor Girls,2526,3039,21,5586,0,4,0,4,684,369,371,36,1464,622,1003,1625,3093,0,0,2493,52.5,44.6
8.6,IPC Crimes against Women,Importation of Girls from Foreign Country,8,4,0,12,0,0,0,0,1,0,0,0,1,0,1,1,2,0,0,10,50,83.3
8.7,IPC Crimes against Women,Kidnapping and Abduction of Women – Others,5383,6051,0,11434,0,2,0,35,1724,1883,906,119,4667,802,1453,2255,6924,4,0,4506,32.6,39.4
9,IPC Crimes against Women,Human Trafficking,458,854,6,1318,0,2,0,0,19,26,38,3,86,176,443,619,707,0,0,611,87.6,46.4
10,IPC Crimes against Women,Selling of Minor Girls,112,40,0,152,0,0,0,0,0,5,6,0,11,11,26,37,48,0,0,104,77.1,68.4
11,IPC Crimes against Women,Buying of Minor Girls,22,8,0,30,0,0,0,0,0,0,1,0,1,0,2,2,3,0,0,27,66.7,90
12,IPC Crimes against Women,Rape - Total,13762,33356,21,47139,1,71,3,31,2875,767,1093,75,4841,7054,21415,28469,33382,59,51,13695,85.3,29.1
12.1,IPC Crimes against Women,Women,11210,24044,15,35269,1,65,3,29,2640,671,940,70,4350,5273,14420,19693,24109,57,38,11100,81.7,31.5
12.2,IPC Crimes against Women,Girls,2552,9312,6,11870,0,6,0,2,235,96,153,5,491,1781,6995,8776,9273,2,13,2595,94.6,21.9
13,IPC Crimes against Women,Attempt to Commit Rape - Total,1722,4097,2,5821,0,2,0,6,493,147,274,12,932,771,2345,3116,4050,0,9,1771,76.9,30.4
13.1,IPC Crimes against Women,Women,1596,3652,2,5250,0,2,0,6,478,142,255,12,893,727,2054,2781,3676,0,8,1574,75.7,30
13.2,IPC Crimes against Women,Girls,126,445,0,571,0,0,0,0,15,5,19,0,39,44,291,335,374,0,1,197,89.6,34.5
14,IPC Crimes against Women,Assault on Women with Intent to Outrage her Modesty - Total,32144,89097,17,121258,3,35,4,143,5257,2450,4721,99,12670,17484,57617,75101,87809,83,39,33362,85.5,27.5
14.1,IPC Crimes against Women,Women,30764,81067,14,111845,3,35,4,141,4938,2290,4418,93,11880,16814,51430,68244,80162,71,38,31608,85.1,28.3
14.2,IPC Crimes against Women,Girls,1380,8030,3,9413,0,0,0,2,319,160,303,6,790,670,6187,6857,7647,12,1,1754,89.7,18.6
15,IPC Crimes against Women,Insult to the Modesty of Women - Total,4788,6992,1,11781,0,5,0,7,339,237,382,4,969,1923,4185,6108,7082,3,5,4696,86.2,39.9
15.1,IPC Crimes against Women,Women,4638,6820,1,11459,0,5,0,7,336,229,370,4,946,1867,4068,5935,6886,3,5,4570,86.2,39.9
15.2,IPC Crimes against Women,Girls,150,172,0,322,0,0,0,0,3,8,12,0,23,56,117,173,196,0,0,126,88.3,39.1
16,SLL Crimes against Women,Dowry Prohibition Act,6630,12826,0,19456,1,61,0,13,307,819,1216,15,2370,3067,6531,9598,12030,1,31,7425,79.8,38.2
17,SLL Crimes against Women,Immoral Traffic (Prevention) Act - Total,1216,1459,8,2683,0,0,0,0,5,13,31,0,49,401,878,1279,1328,0,1,1355,96.3,50.5
17.1,SLL Crimes against Women,"Procuring, inducing Children for the sake of prostitution",652,253,0,905,0,0,0,0,1,1,6,0,8,118,183,301,309,0,0,596,97.4,65.9
17.2,SLL Crimes against Women,Detaining a person in premises where prostitution is carried on,75,143,0,218,0,0,0,0,1,2,2,0,5,53,98,151,156,0,0,62,96.8,28.4
17.3,SLL Crimes against Women,Prostitution in or in the vicinity of public places,90,172,1,263,0,0,0,0,3,0,0,0,3,38,142,180,183,0,1,80,98.4,30.4
17.4,SLL Crimes against Women,Seducing or soliciting for purpose of prostitution,37,120,0,157,0,0,0,0,0,0,6,0,6,25,91,116,122,0,0,35,95.1,22.3
17.5,SLL Crimes against Women,Other Sections under ITP Act,362,771,7,1140,0,0,0,0,0,10,17,0,27,167,364,531,558,0,0,582,95.2,51.1
18,SLL Crimes against Women,Protection of Women from Domestic Violence Act,177,579,0,756,0,1,0,1,10,3,1,1,16,42,429,471,488,1,0,267,96.5,35.3
19,SLL Crimes against Women,Cyber Crimes/Information Technology Act - Total,628,1244,0,1872,0,2,0,1,32,45,220,0,298,82,371,453,753,2,0,1117,60.2,59.7
19.1,SLL Crimes against Women,Publishing or Transmitting of Sexually Explicit Material,371,862,0,1233,0,2,0,1,16,33,108,0,158,52,288,340,500,2,0,731,68,59.3
19.2,SLL Crimes against Women,Other Women Centric Cyber Crimes,257,382,0,639,0,0,0,0,16,12,112,0,140,30,83,113,253,0,0,386,44.7,60.4
20,SLL Crimes against Women,Protection of Children from Sexual Violence Act - Total,14722,38802,13,53537,2,67,1,18,560,599,778,49,2004,7899,26837,34736,36809,24,28,16703,94.4,31.2
20.1,SLL Crimes against Women,POCSO Act Section 4 & 6,7761,21401,2,29164,1,48,0,5,191,219,360,42,817,4538,15006,19544,20410,13,14,8741,95.8,30
20.2,SLL Crimes against Women,POCSO Act Section 8 & 10,5507,14124,10,19641,0,16,1,11,231,233,294,5,774,2845,9652,12497,13287,8,12,6345,94.1,32.3
20.3,SLL Crimes against Women,POCSO Act Section 12,689,1651,1,2341,0,2,0,2,65,42,56,1,166,313,1111,1424,1592,2,2,747,89.4,31.9
20.4,SLL Crimes against Women,POCSO Act Section 14 & 15,177,781,0,958,1,0,0,0,19,18,5,1,43,70,469,539,583,0,0,375,92.5,39.1
20.5,SLL Crimes against Women,"POCSO Act Section 17,18,19",470,804,0,1274,0,1,0,0,54,86,58,0,198,111,568,679,878,1,0,395,77.3,31
20.6,SLL Crimes against Women,POCSO Act r/w Section 377 IPC,118,41,0,159,0,0,0,0,0,1,5,0,6,22,31,53,59,0,0,100,89.8,62.9
21,SLL Crimes against Women,Indecent Representation of Women (Prohibition) Act,24,22,0,46,0,1,0,0,1,2,4,0,7,3,7,10,18,0,0,28,55.6,60.9
1,Murder with Rape/Gang Rape,215,248,1,464,0,1,0,0,2,4,36,1,43,63,177,240,284,0,0,180,84.5,38.8,
2,Dowry Deaths,3499,6450,312,10261,0,5,0,4,239,253,359,9,864,2013,4148,6161,7030,0,0,3231,87.6,31.5,
3,Abetment to Suicide of Women,3611,4963,7,8581,0,4,0,0,210,134,155,16,515,1535,3026,4561,5080,3,5,3498,89.8,40.8,
4,Miscarriage,148,236,0,384,0,0,1,1,18,17,91,0,127,20,97,117,244,2,0,137,48,35.7,
5,Acid Attack,52,124,0,176,0,0,0,0,3,1,22,0,26,14,83,97,123,0,0,53,78.9,30.1,
6,Attempt to Acid Attack,40,38,0,78,0,0,0,1,2,0,3,0,6,10,25,35,41,0,0,37,85.4,47.4,
7,Cruelty by Husband or his relatives,55043,140019,331,195393,1,89,1,56,7076,8093,7198,30,22453,30109,93188,123297,145840,552,105,49000,84.5,25.1,
8,Kidnapping and Abduction of Women,51650,85310,2696,139656,2,20,1,92,14734,26312,14799,280,56217,10155,23692,33847,90086,29,33,49540,37.6,35.5,
8.1,Kidnapping and Abduction,23011,47115,4,70130,0,17,0,89,8588,17902,4997,271,31847,3227,10642,13869,45733,6,10,24391,30.3,34.8,
8.2,Kidnapping and Abduction in order to Murder,104,67,0,171,0,0,0,0,7,15,23,0,45,13,22,35,80,1,0,90,43.8,52.6,
8.3,Kidnapping for Ransom,87,80,0,167,0,0,0,0,8,7,18,0,33,9,41,50,83,0,0,84,60.2,50.3,
8.4,Kidnapping and Abduction of Women to compel her for marriage,20350,28656,2692,51698,2,2,1,2,3967,5889,8452,5,18315,5212,9794,15006,33325,18,23,18354,45,35.5,
8.4A,Women,11815,14750,737,27302,2,2,0,2,1872,3310,5885,2,11071,2708,4690,7398,18473,4,13,8825,40,32.3,
8.4B,Girls,8535,13906,1955,24396,0,0,1,0,2095,2579,2567,3,7244,2504,5104,7608,14852,14,10,9529,51.2,39.1,
8.5,Procuration of Minor Girls,2606,1827,0,4433,0,1,0,0,685,624,419,0,1728,444,627,1071,2800,1,0,1632,38.3,36.8,
8.6,Importation of Girls from Foreign Country,4,1,0,5,0,0,0,0,0,0,0,0,0,0,1,1,1,0,0,4,100,80,
8.7,Kidnapping and Abduction of Women Ð Others,5488,7564,0,13052,0,0,0,1,1479,1875,890,4,4249,1250,2565,3815,8064,3,0,4985,47.3,38.2,
9,Human Trafficking,726,781,0,1507,0,0,0,0,7,40,64,0,111,304,456,760,871,0,0,636,87.3,42.2,
10,Selling of Minor Girls,59,8,0,67,0,0,0,0,1,1,21,0,23,1,6,7,30,0,0,37,23.3,55.2,
11,Buying of Minor Girls,14,3,0,17,0,0,0,0,0,0,0,0,0,0,3,3,3,0,0,14,100,82.4,
12,Rape,13138,31516,131,44785,2,88,0,8,4340,1130,1921,34,7433,6554,19954,26508,34031,51,47,10703,77.9,23.9,
12.1,Women,12107,30512,111,42730,2,88,0,8,4271,1099,1842,34,7254,6108,19107,25215,32559,51,46,10120,77.4,23.7,
12.2,Girls,1031,1004,20,2055,0,0,0,0,69,31,79,0,179,446,847,1293,1472,0,1,583,87.8,28.4,
13,Attempt to Commit Rape,1700,3288,2,4990,0,4,0,0,760,175,207,2,1144,610,1809,2419,3567,0,0,1423,67.8,28.5,
13.1,Women,1503,3197,2,4702,0,4,0,0,758,170,192,0,1120,578,1753,2331,3455,0,0,1247,67.5,26.5,
13.2,Girls,197,91,0,288,0,0,0,0,2,5,15,2,24,32,56,88,112,0,0,176,78.6,61.1,
14,Assault on Women with Intent to Outrage her Modesty,31619,83344,128,115091,1,33,0,157,6821,2674,4174,48,13874,17039,54591,71630,85538,63,67,29490,83.7,25.6,
14.1,Women,30614,80964,127,111705,1,33,0,157,6739,2608,4086,47,13637,16595,52762,69357,83028,61,66,28616,83.5,25.6,
14.2,Girls,1005,2380,1,3386,0,0,0,0,82,66,88,1,237,444,1829,2273,2510,2,1,874,90.6,25.8,
15,Insult to the Modesty of Women,5151,8972,1,14124,0,3,0,18,449,368,475,13,1323,2153,5468,7621,8947,3,11,5174,85.2,36.6,
15.1,Women,5096,8919,1,14016,0,3,0,18,444,368,455,13,1298,2140,5430,7570,8871,3,11,5142,85.3,36.7,
15.2,Girls,55,53,0,108,0,0,0,0,5,0,20,0,25,13,38,51,76,0,0,32,67.1,29.6,
16,Dowry Prohibition Act,8292,13479,943,22714,0,51,0,26,356,958,958,35,2333,4438,8109,12547,14931,9,22,7774,84,34.2,
17,Immoral Traffic (Prevention) Act,1675,946,1,2622,0,0,0,0,6,12,98,6,122,349,531,880,1002,1,1,1619,87.8,61.7,
17.1,"Procuring, inducing Children for the sake of prostitution",848,254,0,1102,0,0,0,0,1,0,54,6,61,79,132,211,272,0,1,830,77.6,75.3,
17.2,Detaining a person in premises where prostitution is carried on,254,143,0,397,0,0,0,0,0,1,12,0,13,54,112,166,179,0,0,218,92.7,54.9,
17.3,Prostitution in or in the vicinity of public places,128,99,0,227,0,0,0,0,2,2,12,0,16,42,75,117,133,1,0,93,88,41,
17.4,Seducing or soliciting for purpose of prostitution,29,39,0,68,0,0,0,0,0,0,0,0,0,17,22,39,39,0,0,29,100,42.6,
17.5,Other Sections under ITP Act,416,411,1,828,0,0,0,0,3,9,20,0,32,157,190,347,379,0,0,449,91.6,54.2,
18,Protection of Women from Domestic Violence Act,402,468,0,870,0,2,0,0,11,81,17,0,109,66,370,436,547,0,0,323,79.7,37.1,
19,Cyber Crimes/Information Technology Act,3246,2940,0,6186,0,1,0,4,39,228,916,3,1190,366,1057,1423,2614,2,1,3570,54.4,57.7,
19.1,Publishing or Transmitting of Sexually Explicit Material,2126,2251,0,4377,0,1,0,4,29,123,609,3,768,323,907,1230,1999,1,1,2377,61.5,54.3,
19.2,Other Women Centric Cyber Crimes,1120,689,0,1809,0,0,0,0,10,105,307,0,422,43,150,193,615,1,0,1193,31.4,65.9,
20,Protection of Children from Sexual Offences Act,19603,62095,308,82006,0,189,1,10,1639,603,1387,43,3682,10964,47611,58575,62446,73,47,19486,93.8,23.8,
20.1,POCSO Act Section 4 and 6,11232,37511,157,48900,0,165,1,2,680,221,557,23,1483,6994,29689,36683,38331,63,10,10505,95.7,21.5,
20.2,POCSO Act Section 8 and 10,6296,20494,103,26893,0,21,0,7,717,193,573,17,1507,3156,15169,18325,19853,8,35,7032,92.3,26.1,
20.3,POCSO Act Section 12,1136,2661,46,3843,0,2,0,0,87,41,67,3,198,538,1861,2399,2599,2,2,1242,92.3,32.3,
20.4,POCSO Act Section 14 and 15,603,667,2,1272,0,0,0,1,40,115,50,0,206,175,391,566,772,0,0,500,73.3,39.3,
20.5,"POCSO Act Section 17,18,19",233,734,0,967,0,1,0,0,114,32,59,0,205,95,481,576,782,0,0,185,73.7,19.1,
20.6,POCSO Act r/w Section 377 IPC,103,28,0,131,0,0,0,0,1,1,81,0,83,6,20,26,109,0,0,22,23.9,16.8,
21,Indecent Representation of Women (Prohibition) Act,32,28,1,61,0,0,0,0,2,2,2,0,6,10,9,19,25,0,0,36,76,59,
1,Murder,10044,1089,11133,19,0,0,0,0,19,0,188,16,204,9,140,353,372,10761,57.8,96.7,,,
1.1,Murder with Rape/POCSO,597,111,708,0,0,0,0,0,0,0,26,8,34,0,8,42,42,666,81,94.1,,,
1.2,Other Murder,9447,978,10425,19,0,0,0,0,19,0,162,8,170,9,132,311,330,10095,54.7,96.8,,,
2,Abetment of Suicide of Child,1130,303,1433,0,0,0,0,0,0,0,20,0,20,0,51,71,71,1362,28.2,95,,,
3,Attempt to Commit Murder,2474,322,2796,0,0,0,0,0,0,0,44,5,49,1,68,118,118,2678,41.5,95.8,,,
4,Infanticide,196,32,228,0,0,0,0,0,0,0,3,0,3,1,24,28,28,200,10.7,87.7,,,
5,Foeticide,191,29,220,0,0,0,0,1,1,0,5,0,5,1,12,18,19,201,27.8,91.4,,,
6,Exposure and Abandonment,1144,156,1300,1,0,0,0,2,3,1,14,1,15,5,43,63,66,1234,23.8,94.9,,,
7,Simple Hurt,13662,3363,17025,4,0,304,51,3,362,0,372,148,520,152,645,1317,1679,15346,39.5,90.1,,,
8,Grievous Hurt,2733,421,3154,0,0,17,1,1,19,0,21,3,24,1,43,68,87,3067,35.3,97.2,,,
9,Kidnapping and Abduction of Children,132392,23953,156345,27,12,135,18,100,292,24,1518,208,1726,510,4762,6998,7290,149055,24.7,95.3,,,
9.1,Kidnapping and Abduction,62447,13471,75918,20,2,78,9,85,194,9,790,154,944,402,2220,3566,3760,72158,26.5,95,,,
9.1A,Missing Children Deemed as Kidnapped,25126,6676,31802,5,2,31,6,79,123,5,347,62,409,187,1069,1665,1788,30014,24.6,94.4,,,
9.1B,Other Kidnapping and Abduction,37321,6795,44116,15,0,47,3,6,71,4,443,92,535,215,1151,1901,1972,42144,28.1,95.5,,,
9.2,Kidnapping and Abduction for the Purpose of Begging,194,42,236,0,0,0,0,0,0,0,0,0,0,0,12,12,12,224,0,94.9,,,
9.3,Kidnapping and Abduction in order to Murder,811,23,834,0,0,0,0,0,0,0,9,0,9,0,6,15,15,819,60,98.2,,,
9.4,Kidnapping for Ransom,667,63,730,0,0,0,0,0,0,0,7,1,8,0,8,16,16,714,50,97.8,,,
9.5,Kidnapping and Abduction of Minor Girls to compel her for marriage,48276,7442,55718,6,2,33,9,12,62,10,527,44,571,56,1470,2097,2159,53559,27.2,96.1,,,
9.6,Procuration of Minor Girls,7898,1071,8969,1,8,22,0,3,34,5,106,7,113,8,683,804,838,8131,14.1,90.7,,,
9.7,Importation of Girls from Foreign Country,11,0,11,0,0,0,0,0,0,0,0,0,0,0,0,0,0,11,NA,100,,,
9.8,Other Kidnapping and Abducion,12088,1841,13929,0,0,2,0,0,2,0,79,2,81,44,363,488,490,13439,16.6,96.5,,,
10,Human Trafficking,1554,325,1879,1,0,12,0,2,15,0,16,7,23,6,71,100,115,1764,23,93.9,,,
11,Selling of Minors for Prostitution,582,7,589,0,0,0,0,0,0,0,2,0,2,0,4,6,6,583,33.3,99,,,
11.1,Boys,12,0,12,0,0,0,0,0,0,0,0,0,0,0,0,0,0,12,NA,100,,,
11.2,Girls,570,7,577,0,0,0,0,0,0,0,2,0,2,0,4,6,6,571,33.3,99,,,
12,Buying of Minors for Prostitution,172,3,175,0,0,0,0,0,0,0,0,0,0,0,0,0,0,175,NA,100,,,
12.1,Boys,123,0,123,0,0,0,0,0,0,0,0,0,0,0,0,0,0,123,NA,100,,,
12.2,Girls,49,3,52,0,0,0,0,0,0,0,0,0,0,0,0,0,0,52,NA,100,,,
13,Rape,25312,1293,26605,8,0,0,0,39,47,0,795,103,898,118,959,1975,2022,24583,45.5,92.4,,,
14,Attempt to Commit Rape,1349,88,1437,1,0,3,0,0,4,1,17,0,17,0,51,68,72,1365,25,95,,,
15,Assault on Women with Intent to Outrage her Modesty,20967,2273,23240,14,1,141,2,5,163,0,409,105,514,45,687,1246,1409,21831,41.3,93.9,,,
16,Insult to the Modesty of Women,1099,51,1150,0,0,3,0,0,3,0,14,1,15,0,19,34,37,1113,44.1,96.8,,,
17,Other IPC Crimes,41687,6269,47956,7,0,294,28,8,337,0,878,543,1421,188,1099,2708,3045,44911,52.5,93.7,,,
18,Protection of Children from Sexual Offences Act,208272,59766,268038,229,53,348,4,81,715,31,8125,784,8909,1024,18202,28135,28850,239188,31.7,89.2,,,
18.1,Section 4 and 6 of POCSO Act or POCSO Act ( Section 4 and 6) r/w Section 376 IPC,121786,37041,158827,138,5,192,1,57,393,16,5126,502,5628,432,11901,17961,18354,140473,31.3,88.4,,,
18.1A,Girls,120647,36683,157330,134,5,192,1,57,389,16,5095,500,5595,413,11841,17849,18238,139092,31.3,88.4,,,
18.1B,Boys,1139,358,1497,4,0,0,0,0,4,0,31,2,33,19,60,112,116,1381,29.5,92.3,,,
18.2,Section 8 and 10 of POCSO Act or POCSO Act (Section 8 and 10) r/w Section 354 IPC,69653,18553,88206,77,31,149,1,20,278,8,2683,255,2938,532,5273,8743,9021,79185,33.6,89.8,,,
18.2A,Girls,68856,18325,87181,71,31,149,1,20,272,8,2664,255,2919,532,5161,8612,8884,78297,33.9,89.8,,,
18.2B,Boys,797,228,1025,6,0,0,0,0,6,0,19,0,19,0,112,131,137,888,14.5,86.6,,,
18.3,Section 12 of POCSO Act or POCSO Act (Section 12) r/w Section 509 IPC,6635,2454,9089,9,16,7,0,3,35,1,164,15,179,30,705,914,949,8140,19.6,89.6,,,
18.3A,Girls,6443,2399,8842,9,16,7,0,3,35,1,162,15,177,30,682,889,924,7918,19.9,89.5,,,
18.3B,Boys,192,55,247,0,0,0,0,0,0,0,2,0,2,0,23,25,25,222,8,89.9,,,
18.4,Section 14 and 15 of POCSO Act,2934,596,3530,1,0,0,0,0,1,6,24,5,29,6,83,118,119,3411,24.6,96.6,,,
18.4A,Girls,2796,566,3362,1,0,0,0,0,1,6,23,4,27,6,78,111,112,3250,24.3,96.7,,,
18.4B,Boys,138,30,168,0,0,0,0,0,0,0,1,1,2,0,5,7,7,161,28.6,95.8,,,
18.5,POCSO Act r/w Section 377 IPC,2932,526,3458,4,1,0,0,0,5,0,83,3,86,5,163,254,259,3199,33.9,92.5,,,
18.5A,Girls,260,26,286,0,0,0,0,0,0,0,3,0,3,0,11,14,14,272,21.4,95.1,,,
18.5B,Boys,2672,500,3172,4,1,0,0,0,5,0,80,3,83,5,152,240,245,2927,34.6,92.3,,,
18.6,Sections 17 to 22 of POCSO Act,4332,596,4928,0,0,0,2,1,3,0,45,4,49,19,77,145,148,4780,33.8,97,,,
18.6A,Girls,4184,576,4760,0,0,0,2,1,3,0,42,4,46,19,76,141,144,4616,32.6,97,,,
18.6B,Boys,148,20,168,0,0,0,0,0,0,0,3,0,3,0,1,4,4,164,75,97.6,,,
19,Juvenile Justice (Care and Protection of Children) Act,9069,1636,10705,1,1,6,0,11,19,2,207,92,299,7,162,468,487,10218,63.9,95.5,,,
19.1,Offences by Care Takers/In-charge of Juvenile Homes,1720,176,1896,0,0,0,0,1,1,1,14,1,15,2,16,33,34,1862,45.5,98.2,,,
19.2,Other Offences,7349,1460,8809,1,1,6,0,10,18,1,193,91,284,5,146,435,453,8356,65.3,94.9,,,
20,Immoral Traffic (Prevention) Act,403,35,438,0,0,0,0,0,0,0,0,0,0,0,4,4,4,434,0,99.1,,,
20.1,"Procuring, inducing Children for the sake of prostitution",131,20,151,0,0,0,0,0,0,0,0,0,0,0,4,4,4,147,0,97.4,,,
20.2,Detaining a person in premises where prostitution is carried on,22,3,25,0,0,0,0,0,0,0,0,0,0,0,0,0,0,25,NA,100,,,
20.3,Others,250,12,262,0,0,0,0,0,0,0,0,0,0,0,0,0,0,262,NA,100,,,
21,Child Labour (Prohibition and Regulation) Act,2199,609,2808,2,1,49,0,0,52,0,145,36,181,1,118,300,352,2456,60.3,87.5,,,
22,Prohibition of Child Marriage Act,2761,802,3563,0,0,16,0,1,17,0,19,1,20,5,156,181,198,3365,11,94.4,,,
23,Transplantation of Human Organs Act,1,0,1,0,0,0,0,0,0,0,0,0,0,0,0,0,0,1,NA,100,,,
24,Cyber Crimes/Information Technology Act,1096,640,1736,2,0,4,0,0,6,0,6,17,23,1,19,43,49,1687,53.5,97.2,,,
24.1,Publishing or Transmitting of material depicting children in sexually explicit act,875,529,1404,2,0,4,0,0,6,0,6,13,19,1,19,39,45,1359,48.7,96.8,,,
24.2,Other Cyber Crimes against Children,221,111,332,0,0,0,0,0,0,0,0,4,4,0,0,4,4,328,100,98.8,,,
25,Other SLL crimes,4168,92,4260,0,0,0,0,0,0,0,2,0,2,1,35,38,38,4222,5.3,99.1,,,
1,Andhra Pradesh,1959,2114,0,4073,0,2,0,3,90,123,95,5,316,522,1080,1602,1920,1,0,2152,83.4,52.8,
2,Arunachal Pradesh,6,7,0,13,0,0,0,0,0,0,1,0,1,1,1,2,3,0,0,10,66.7,76.9,
3,Assam,11,6,0,17,0,0,0,0,0,0,1,0,1,0,6,6,7,0,0,10,85.7,58.8,
4,Bihar,193,252,0,445,0,0,0,0,1,0,1,0,2,38,146,184,186,0,0,259,98.9,58.2,
5,Chhattisgarh,323,1632,0,1955,0,0,0,3,2,6,186,2,199,172,1388,1560,1759,0,0,196,88.7,10,
6,Goa,28,35,0,63,0,0,0,0,0,0,6,1,7,18,22,40,47,0,0,16,85.1,25.4,
7,Gujarat,172,608,0,780,0,0,1,0,1,1,50,0,52,20,527,547,599,1,8,179,91.3,22.9,
8,Haryana,199,1574,0,1773,0,0,0,0,371,0,445,0,816,65,529,594,1410,0,0,363,42.1,20.5,
9,Himachal Pradesh,90,287,0,377,0,0,0,0,10,13,18,5,46,51,215,266,312,0,0,65,85.3,17.2,
10,Jharkhand,45,62,0,107,0,0,0,0,0,0,10,0,10,0,13,13,23,0,0,84,56.5,78.5,
11,Karnataka,723,1583,0,2306,0,6,0,0,143,14,147,0,304,259,827,1086,1396,3,6,907,77.8,39.3,
12,Kerala,325,1023,29,1377,0,1,0,0,29,24,35,0,88,107,826,933,1022,0,0,355,91.3,25.8,
13,Madhya Pradesh,418,6187,0,6605,0,1,0,0,3,11,364,0,378,177,5531,5708,6087,0,0,518,93.8,7.8,
14,Maharashtra,7592,5059,16,12667,0,2,0,44,32,66,1742,16,1900,1377,2329,3706,5608,0,0,7059,66.1,55.7,
15,Manipur,13,3,0,16,0,0,0,0,0,0,0,0,0,0,0,0,0,0,0,16,NA,100,
16,Meghalaya,10,0,0,10,0,0,0,0,0,0,0,0,0,0,0,0,0,0,0,10,NA,100,
17,Mizoram,2,9,0,11,0,0,0,0,0,0,0,0,0,1,9,10,10,0,0,1,100,9.1,
18,Nagaland,12,11,0,23,0,0,0,0,0,0,1,0,1,2,2,4,5,0,0,18,80,78.3,
19,Odisha,125,551,0,676,0,0,0,0,2,14,74,1,91,58,384,442,533,0,0,143,82.9,21.2,
20,Punjab,374,314,0,688,0,0,0,0,14,8,31,1,54,72,108,180,234,2,1,452,76.9,65.7,
21,Rajasthan,45,278,0,323,0,0,0,1,46,59,63,0,169,8,114,122,291,0,0,32,41.9,9.9,
22,Sikkim,0,5,0,5,0,0,0,0,0,0,0,0,0,0,4,4,4,0,0,1,100,20,
23,Tamil Nadu,3560,2376,2,5938,0,31,0,0,0,82,222,7,311,318,1181,1499,1841,0,0,4097,81.4,69,
24,Telangana,870,2181,20,3071,0,0,0,0,99,154,389,2,644,460,1227,1687,2331,0,0,740,72.4,24.1,
25,Tripura,6,12,0,18,0,0,0,0,0,2,2,0,4,4,6,10,14,0,0,4,71.4,22.2,
26,Uttar Pradesh,52,410,0,462,0,0,0,0,2,5,43,0,50,21,333,354,404,0,0,58,87.6,12.6,
27,Uttarakhand,0,14,0,14,0,0,0,0,1,0,0,0,1,0,7,7,8,0,0,6,87.5,42.9,
28,West Bengal,106,403,0,509,0,2,0,0,2,0,1,0,3,47,312,359,364,0,0,145,98.6,28.5,
29,Andaman and Nicobar Islands,3,27,0,30,0,0,0,0,0,0,5,0,5,0,22,22,27,0,0,3,81.5,10,
30,Chandigarh,44,74,0,118,0,0,0,0,0,5,7,0,12,13,15,28,40,0,0,78,70,66.1,
31,Dadra and Nagar Haveli and Daman and Diu,1,8,0,9,0,0,0,0,0,0,1,1,2,0,4,4,6,0,0,3,66.7,33.3,
32,Delhi,1392,1315,0,2707,0,0,0,0,0,46,653,0,699,124,248,372,1071,0,0,1636,34.7,60.4,
33,Jammu and Kashmir,15,118,0,133,0,0,0,0,17,0,8,0,25,5,65,70,95,0,0,38,73.7,28.6,
34,Ladakh,0,0,0,0,0,0,0,0,0,0,0,0,0,0,0,0,0,0,0,0,NA,NA,
35,Lakshadweep,0,0,0,0,0,0,0,0,0,0,0,0,0,0,0,0,0,0,0,0,NA,NA,
36,Puducherry,2,7,0,9,0,0,0,0,0,0,0,0,0,0,5,5,5,0,0,4,100,44.4,
1,Murder,451,80,531,1,0,0,0,0,1,0,5,0,5,0,3,8,9,522,62.5,98.3,,,
2,Culpable Homicide not amounting to Murder,49,2,51,0,0,0,0,0,0,0,0,0,0,0,0,0,0,51,NA,100,,,
3,Attempt to Commit Murder,103,35,138,0,0,0,0,0,0,0,1,2,3,1,4,8,8,130,37.5,94.2,,,
4,Attempt to commit Culpable Homicide,38,14,52,0,0,0,0,0,0,0,2,0,2,0,1,3,3,49,66.7,94.2,,,
5,Simple Hurt,1195,413,1608,1,0,47,0,0,48,0,9,4,13,3,44,60,108,1500,21.7,93.3,,,
6,Grievous Hurt,366,67,433,0,0,0,0,0,0,0,0,0,0,0,7,7,7,426,0,98.4,,,
7,Assault on Women with Intent to Outrage her Modesty,120,31,151,0,0,0,0,0,0,0,0,0,0,5,8,13,13,138,0,91.4,,,
8,Kidnapping and Abduction,11,2,13,0,0,0,0,0,0,0,0,0,0,0,0,0,0,13,NA,100,,,
9,Rape,25,10,35,0,0,0,0,0,0,0,0,0,0,0,0,0,0,35,NA,100,,,
10,Theft,1129,277,1406,0,0,44,0,0,44,0,8,27,35,6,29,70,114,1292,50,91.9,,,
11,Extortion,87,15,102,0,0,0,0,0,0,0,0,0,0,1,0,1,1,101,0,99,,,
12,Robbery,1284,159,1443,0,0,0,0,0,0,0,10,6,16,2,11,29,29,1414,55.2,98,,,
13,Dacoity,44,6,50,0,0,0,0,0,0,0,0,0,0,0,0,0,0,50,NA,100,,,
13.1,Dacoity,41,6,47,0,0,0,0,0,0,0,0,0,0,0,0,0,0,47,NA,100,,,
13.2,Dacoity with Murder,3,0,3,0,0,0,0,0,0,0,0,0,0,0,0,0,0,3,NA,100,,,
14,Criminal Trespass,146,61,207,0,0,20,0,0,20,0,2,0,2,4,13,19,39,168,10.5,81.2,,,
15,"Forgery, Cheating and Fraud",1304,294,1598,0,0,23,0,0,23,0,3,0,3,1,49,53,76,1522,5.7,95.2,,,
15.1,Fraud,105,20,125,0,0,0,0,0,0,0,0,0,0,0,3,3,3,122,0,97.6,,,
15.2,Cheating,1141,229,1370,0,0,21,0,0,21,0,3,0,3,1,43,47,68,1302,6.4,95,,,
15.3,Forgery,58,45,103,0,0,2,0,0,2,0,0,0,0,0,3,3,5,98,0,95.1,,,
16,Criminal Intimidation,518,82,600,0,0,2,0,0,2,0,0,0,0,4,6,10,12,588,0,98,,,
17,Other IPC Crimes,3912,401,4313,1,0,25,0,0,26,0,7,1,8,15,31,54,80,4233,14.8,98.1,,,
1,Andhra Pradesh,1231,394,1625,5,0,69,0,0,74,0,6,2,8,3,126,137,211,1414,5.8,87,,,
2,Arunachal Pradesh,8,5,13,0,0,0,0,0,0,0,0,0,0,0,0,0,0,13,NA,100,,,
3,Assam,1600,634,2234,0,0,0,0,0,0,0,2,4,6,0,137,143,143,2091,4.2,93.6,,,
4,Bihar,1921,901,2822,0,0,0,0,0,0,0,2,0,2,0,3,5,5,2817,40,99.8,,,
5,Chhattisgarh,638,331,969,0,0,0,0,0,0,0,14,23,37,0,4,41,41,928,90.2,95.8,,,
6,Goa,65,15,80,0,0,0,0,0,0,0,0,0,0,2,0,2,2,78,0,97.5,,,
7,Gujarat,2464,789,3253,0,0,0,0,3,3,0,0,0,0,2,37,39,42,3211,0,98.7,,,
8,Haryana,1099,386,1485,0,0,0,0,2,2,1,6,0,6,0,29,35,37,1448,17.1,97.5,,,
9,Himachal Pradesh,234,43,277,0,0,0,0,3,3,0,1,0,1,0,3,4,7,270,25,97.5,,,
10,Jharkhand,1306,419,1725,0,0,0,0,0,0,0,5,1,6,0,38,44,44,1681,13.6,97.4,,,
11,Karnataka,1264,3368,4632,5,0,2796,0,0,2801,0,9,3,12,0,70,82,2883,1749,14.6,37.8,,,
12,Kerala,1274,441,1715,3,0,0,0,4,7,5,6,1,7,1,21,29,36,1679,24.1,97.9,,,
13,Madhya Pradesh,2389,471,2860,0,0,7,9,1,17,0,51,8,59,12,91,162,179,2681,36.4,93.7,,,
14,Maharashtra,6498,1410,7908,3,0,32,0,1,36,0,13,2,15,3,116,134,170,7738,11.2,97.9,,,
15,Manipur,9,0,9,0,0,0,0,0,0,0,0,0,0,0,0,0,0,9,NA,100,,,
16,Meghalaya,40,4,44,0,0,0,0,0,0,0,0,0,0,0,0,0,0,44,NA,100,,,
17,Mizoram,33,0,33,0,0,0,0,0,0,0,0,0,0,0,0,0,0,33,NA,100,,,
18,Nagaland,1,1,2,0,0,0,0,0,0,0,0,0,0,0,0,0,0,2,NA,100,,,
19,Odisha,1360,283,1643,0,0,0,0,0,0,0,3,0,3,0,19,22,22,1621,13.6,98.7,,,
20,Punjab,473,143,616,0,0,0,0,5,5,0,3,0,3,5,32,40,45,571,7.5,92.7,,,
21,Rajasthan,1851,677,2528,0,1,0,0,1,2,0,16,12,28,19,31,78,80,2448,35.9,96.8,,,
22,Sikkim,0,0,0,0,0,0,0,0,0,0,0,0,0,0,0,0,0,0,NA,NA,,,
23,Tamil Nadu,614,245,859,1,0,2,0,1,4,0,4,1,5,3,48,56,60,799,8.9,93,,,
24,Telangana,2420,2393,4813,5,0,1313,0,0,1318,0,54,6,60,0,301,361,1679,3134,16.6,65.1,,,
25,Tripura,24,9,33,0,0,1,0,0,1,0,0,0,0,0,2,2,3,30,0,90.9,,,
26,Uttar Pradesh,16907,4737,21644,0,0,0,0,0,0,0,759,79,838,68,48,954,954,20690,87.8,95.6,,,
27,Uttarakhand,397,121,518,0,0,0,0,0,0,2,0,0,0,0,1,1,1,517,0,99.8,,,
28,West Bengal,1040,432,1472,0,0,0,0,0,0,0,11,0,11,0,4,15,15,1457,73.3,99,,,
29,Andaman and Nicobar Islands,22,7,29,0,0,0,0,0,0,0,0,1,1,0,0,1,1,28,100,96.6,,,
30,Chandigarh,36,8,44,3,0,0,0,2,5,0,2,0,2,0,0,2,7,37,100,84.1,,,
31,Dadra and Nagar Haveli and Daman and Diu,7,5,12,0,0,1,0,0,1,0,0,0,0,0,0,0,1,11,NA,91.7,,,
32,Delhi,472,192,664,0,0,0,0,2,2,0,4,2,6,1,0,7,9,655,85.7,98.6,,,
33,Jammu and Kashmir,127,53,180,1,0,1,0,0,2,0,1,0,1,1,3,5,7,173,20,96.1,,,
34,Ladakh,1,0,1,0,0,0,0,0,0,0,0,0,0,0,0,0,0,1,NA,100,,,
35,Lakshadweep,1,0,1,0,0,0,0,0,0,0,1,0,1,0,0,1,1,0,100,0,,,
36,Puducherry,14,8,22,0,0,0,0,0,0,0,0,0,0,0,0,0,0,22,NA,100,,,
1,Ahmedabad (Gujarat),295,1452,0,1747,0,0,0,0,1,104,14,2,121,89,1162,1251,1372,25,3,350,91.2,20,
2,Bengaluru (Karnataka),871,3924,0,4795,0,82,0,0,519,233,52,0,804,563,1984,2547,3433,4,40,1358,74.2,28.3,
3,Chennai (Tamil Nadu),1878,736,0,2614,0,1,0,0,0,5,86,1,92,281,119,400,493,33,0,2088,81.1,79.9,
4,Coimbatore (Tamil Nadu),138,138,0,276,0,2,0,0,0,6,0,1,7,38,60,98,107,0,0,169,91.6,61.2,
5,Delhi City,15900,14158,1,30059,0,0,0,0,0,2668,568,0,3236,3764,4704,8468,11704,258,0,18097,72.4,60.2,
6,Ghaziabad (Uttar Pradesh),166,1063,0,1229,0,0,0,0,1,0,192,0,193,107,774,881,1074,0,0,155,82,12.6,
7,Hyderabad (Telangana),1670,3145,0,4815,0,0,0,0,12,794,147,0,953,812,1608,2420,3373,0,12,1442,71.7,29.9,
8,Indore (Madhya Pradesh),351,1809,0,2160,0,1,0,0,409,0,9,0,418,91,1227,1318,1737,0,0,423,75.9,19.6,
9,Jaipur (Rajasthan),679,3479,0,4158,0,6,0,3,711,935,28,1,1678,328,1568,1896,3580,6,0,572,53,13.8,
10,Kanpur (Uttar Pradesh),395,2099,0,2494,0,0,0,0,4,0,425,0,429,296,1000,1296,1725,0,0,769,75.1,30.8,
11,Kochi (Kerala),221,754,0,975,0,0,0,0,27,26,16,0,69,172,517,689,758,0,0,217,90.9,22.3,
12,Kolkata (West Bengal),1659,1890,0,3549,0,0,0,0,2,165,87,0,254,687,999,1686,1940,0,0,1609,86.9,45.3,
13,Kozhikode (Kerala),478,759,0,1237,0,0,0,0,26,27,18,0,71,393,476,869,940,0,0,297,92.4,24,
14,Lucknow (Uttar Pradesh),831,2231,0,3062,0,0,0,0,0,0,440,0,440,519,1313,1832,2272,0,0,790,80.6,25.8,
15,Mumbai (Maharashtra),12641,6176,0,18817,0,0,0,9,54,740,229,9,1041,1910,1914,3824,4865,0,0,13952,78.6,74.1,
16,Nagpur (Maharashtra),521,1259,0,1780,1,0,0,4,6,262,37,4,313,364,570,934,1248,7,3,525,74.8,29.5,
17,Patna (Bihar),458,812,2494,3764,0,0,0,0,14,30,93,0,137,1357,513,1870,2007,0,0,1757,93.2,46.7,
18,Pune (Maharashtra),672,2074,0,2746,0,0,0,6,8,367,6,3,390,356,833,1189,1579,0,2,1167,75.3,42.5,
19,Surat (Gujarat),60,797,0,857,0,0,0,0,2,148,41,0,191,11,603,614,805,2,2,50,76.3,5.8,
1,Murder with Rape/Gang Rape,18,6,0,24,0,0,0,0,0,0,1,0,1,6,5,11,12,0,0,12,91.7,50,
2,Dowry Deaths,212,381,152,745,0,0,0,0,6,4,9,0,19,250,254,504,523,0,0,222,96.4,29.8,
3,Abetment to Suicide of Women,622,427,0,1049,0,1,0,0,10,15,24,0,49,116,230,346,396,2,2,651,87.4,62.1,
4,Miscarriage,13,18,0,31,0,0,0,0,0,0,3,0,3,0,4,4,7,0,0,24,57.1,77.4,
5,Acid Attack,11,25,0,36,0,0,0,0,0,0,3,0,3,1,16,17,20,0,0,16,85,44.4,
6,Attempt to Acid Attack,17,11,0,28,0,0,0,0,0,0,0,0,0,5,8,13,13,0,0,15,100,53.6,
7,Cruelty by Husband or his relatives,13739,15877,281,29897,0,10,0,0,205,1156,657,2,2020,5423,6948,12371,14401,295,17,15201,85.9,50.8,
8,Kidnapping and Abduction of Women,10938,9473,1246,21657,0,5,0,0,807,4914,966,2,6689,704,867,1571,8265,3,0,13389,19,61.8,
8.1,Kidnapping and Abduction,9646,8262,0,17908,0,5,0,0,780,4722,643,0,6145,315,474,789,6939,1,0,10968,11.4,61.2,
8.2,Kidnapping and Abduction in order to Murder,7,4,0,11,0,0,0,0,0,2,1,0,3,0,0,0,3,0,0,8,0,72.7,
8.3,Kidnapping for Ransom,7,4,0,11,0,0,0,0,1,0,0,0,1,0,3,3,4,0,0,7,75,63.6,
8.4,Kidnapping and Abduction of Women to compel her for marriage,469,862,1246,2577,0,0,0,0,5,31,295,2,333,293,325,618,951,0,0,1626,65,63.1,
8.4A,Women,346,579,1246,2171,0,0,0,0,4,23,219,0,246,269,203,472,718,0,0,1453,65.7,66.9,
8.4B,Girls,123,283,0,406,0,0,0,0,1,8,76,2,87,24,122,146,233,0,0,173,62.7,42.6,
8.5,Procuration of Minor Girls,64,34,0,98,0,0,0,0,1,0,1,0,2,24,19,43,45,0,0,53,95.6,54.1,
8.6,Importation of Girls from Foreign Country,0,0,0,0,0,0,0,0,0,0,0,0,0,0,0,0,0,0,0,0,NA,NA,
8.7,Kidnapping and Abduction of Women - Others,745,307,0,1052,0,0,0,0,20,159,26,0,205,72,46,118,323,2,0,727,36.5,69.1,
9,Human Trafficking,96,106,0,202,0,0,0,0,1,1,0,0,2,19,46,65,67,0,0,135,97,66.8,
10,Selling of Minor Girls,4,0,0,4,0,0,0,0,0,0,0,0,0,0,0,0,0,0,0,4,NA,100,
11,Buying of Minor Girls,0,0,0,0,0,0,0,0,0,0,0,0,0,0,0,0,0,0,0,0,NA,NA,
12,Rape,1172,3633,59,4864,1,19,0,0,281,78,82,3,444,717,2374,3091,3555,10,9,1299,86.9,26.7,
12.1,Women,1147,3633,59,4839,1,19,0,0,277,77,81,3,438,701,2374,3075,3533,10,9,1296,87,26.8,
12.2,Girls,25,0,0,25,0,0,0,0,4,1,1,0,6,16,0,16,22,0,0,3,72.7,12,
13,Attempt to Commit Rape,35,39,0,74,0,0,0,0,7,3,1,0,11,4,16,20,31,0,0,43,64.5,58.1,
13.1,Women,32,38,0,70,0,0,0,0,7,3,1,0,11,3,16,19,30,0,0,40,63.3,57.1,
13.2,Girls,3,1,0,4,0,0,0,0,0,0,0,0,0,1,0,1,1,0,0,3,100,75,
14,Assault on Women with Intent to Outrage her Modesty,5590,8731,59,14380,0,11,0,19,332,211,367,8,937,2439,4813,7252,8200,11,16,6169,88.4,42.9,
14.1,Women,5556,8580,59,14195,0,11,0,19,326,209,367,8,929,2413,4723,7136,8076,11,16,6108,88.4,43,
14.2,Girls,34,151,0,185,0,0,0,0,6,2,0,0,8,26,90,116,124,0,0,61,93.5,33,
15,Insult to the Modesty of Women,1881,1718,0,3599,0,0,0,1,14,50,91,0,156,430,826,1256,1412,0,3,2187,89,60.8,
15.1,Women,1874,1710,0,3584,0,0,0,1,13,50,90,0,154,426,823,1249,1403,0,3,2181,89,60.9,
15.2,Girls,7,8,0,15,0,0,0,0,1,0,1,0,2,4,3,7,9,0,0,6,77.8,40,
16,Dowry Prohibition Act,395,1221,563,2179,0,23,0,0,59,25,2,0,86,669,678,1347,1456,5,13,718,92.5,33,
17,Immoral Traffic (Prevention) Act,743,303,0,1046,0,0,0,0,0,0,68,0,68,114,180,294,362,0,1,684,81.2,65.4,
17.1,"Procuring, inducing Children for the sake of prostitution",407,57,0,464,0,0,0,0,0,0,48,0,48,6,41,47,95,0,1,369,49.5,79.5,
17.2,Detaining a person in premises where prostitution is carried on,145,87,0,232,0,0,0,0,0,0,9,0,9,33,72,105,114,0,0,118,92.1,50.9,
17.3,Prostitution in or in the vicinity of public places,64,38,0,102,0,0,0,0,0,0,10,0,10,21,29,50,60,0,0,42,83.3,41.2,
17.4,Seducing or soliciting for purpose of prostitution,5,8,0,13,0,0,0,0,0,0,0,0,0,0,5,5,5,0,0,8,100,61.5,
17.5,Other Sections under ITP Act,122,113,0,235,0,0,0,0,0,0,1,0,1,54,33,87,88,0,0,147,98.9,62.6,
18,Protection of Women from Domestic Violence Act,24,25,0,49,0,0,0,0,3,0,0,0,3,6,14,20,23,0,0,26,87,53.1,
19,Cyber Crimes/Information Technology Act,470,340,0,810,0,0,0,0,0,2,77,0,79,36,68,104,183,2,0,625,56.8,77.2,
19.1,Publishing or Transmitting of Sexually Explicit Material,356,274,0,630,0,0,0,0,0,0,62,0,62,35,58,93,155,1,0,474,60,75.2,
19.2,Other Women Centric Cyber Crimes,114,66,0,180,0,0,0,0,0,2,15,0,17,1,10,11,28,1,0,151,39.3,83.9,
20,Protection of Children from Sexual Offences Act,3900,6421,135,10456,0,23,0,2,71,50,136,6,265,1199,4597,5796,6084,7,1,4365,95.3,41.7,
20.1,POCSO Act Section 4 and 6,1864,3942,68,5874,0,20,0,1,27,21,55,4,108,647,2972,3619,3747,7,0,2120,96.6,36.1,
20.2,POCSO Act Section 8 and 10,1774,2193,67,4034,0,3,0,1,34,21,70,2,128,489,1468,1957,2088,0,1,1946,93.7,48.2,
20.3,POCSO Act Section 12,191,176,0,367,0,0,0,0,1,2,3,0,6,51,92,143,149,0,0,218,96,59.4,
20.4,POCSO Act Section 14 and 15,42,51,0,93,0,0,0,0,1,3,2,0,6,7,26,33,39,0,0,54,84.6,58.1,
20.5,"POCSO Act Section 17,18,19",24,48,0,72,0,0,0,0,8,3,6,0,17,4,30,34,51,0,0,21,66.7,29.2,
20.6,POCSO Act r/w Section 377 IPC,5,11,0,16,0,0,0,0,0,0,0,0,0,1,9,10,10,0,0,6,100,37.5,
21,Indecent Representation of Women (Prohibition) Act,4,0,0,4,0,0,0,0,0,1,1,0,2,0,0,0,2,0,0,2,0,50,
